{"val/loss":1.1678900718688965,"_runtime":4.0593701,"mfu":-100,"train/loss":1.1699481010437012,"val/acc":0.0275,"_wandb":{"runtime":4},"iter":0,"train/acc":0.02,"lr":0,"_step":0,"_timestamp":1.7436931130700617e+09}