{"_wandb":{"runtime":10929},"val/acc":0.521875,"lr":3e-05,"iter":365,"_timestamp":1.7438898135151627e+09,"mfu":1.8981426729177662,"_step":73,"train/acc":0.55625,"_runtime":6834.9576604,"val/loss":0.8034391403198242,"train/loss":0.7599610090255737}