{"val/loss":0.7921015024185181,"lr":5e-06,"train/loss":0.7448928952217102,"_wandb":{"runtime":1074},"iter":5000,"val/acc":0.56125,"mfu":2.484435531105484,"_timestamp":1.7436942094164927e+09,"_step":25,"_runtime":1072.7705621,"train/acc":0.555}